0000000000000000000000000000000000000000000000000000000000000000,Hola Mundo,5
0038711c83bd05b1e369e27246df4ba815a6dda04116b1b2f9a8c21ba4e1de38,MENSAJITO 01,284
0030bca81e527ce6a3c2b07597ae15dbc74a0a485cfb916942c374348cf7ecbd,MENSAJITO 02,166
00ba90eb8d3eaab46e732a49de72c3a074bec6a8229ade6ac0b1bc50d13c3eeb,MENSAJITO 03,128
00a5544259104ff5b3670169cc5876217b39300875d1891855d39099ce26e295,MENSAJITO 03,503
00c74f33dc7b586d53e0d38a66964122dbc349cd2b1ae50f412007acb29831fc,MENSAJITO 03,320
006b94f4193b4cee9746ebee6114743a39a8d1b63203536280ca7f071596dab7,MENSAJITO 03,203
00bedf226b0f80011383f63f64f767d6b59d832fdde09c31252854114a585e6c,MENSAJITO 03,163
0010e617edbc8960e53a5e6811b9a788720f1c5976371e8c4b4cdf610228eaab,MENSAJITO 03,92
00972c94fb73603fe629eb337e73433e6c510101b947dc297fc69e01ce9ccca4,MENSAJITO 03,657
003e8a23afd48d000f57c6d408457861c6c3ce6de52c4d81677ed2d54cd0d00e,MENSAJITO 04,134
002f655bdecdb09167fba12eb61b4ea9b314812157107fe2812584d733ab13f7,Test message 1600562194793,565
005eb7824a6e289a3bda892a5dfc3b25664c2096349b6f71b65cc77b073fb07a,Test message 1600562270388,731
00e3d97a0acfb26f1ed4c14a111d942af9b9cfc1ce557eed2aa050e0b90150ea,Test message 1600562339366,390
